,label,comment,polarity,subjectivity
1,0,You do know west teams play against west teams more than east teams right?,0.39285714285714285,0.5178571428571428
4,0,I could use one of those tools.,0.0,0.0
6,0,Trick or treating in general is just weird...,-0.22499999999999998,0.75
7,0,Blade Mastery+Masamune or GTFO!,0.0,0.0
11,0,Damn I was hoping God was real,0.2,0.30000000000000004
12,0,They have an agenda.,0.0,0.0
13,0,Great idea!,1.0,0.75
16,0,noted.,0.0,0.0
19,0,Pre-Flashpoint Clark and Lois.,0.0,0.0
21,0,At this point they're so stable I could build a house out of em,0.0,0.0
25,0,466,0.0,0.0
26,0,Jesus is a FNAF fan confirmed,0.4,1.0
28,0,At first I thought it was instructions on fixing a car.... It wasn't.,0.25,0.3333333333333333
30,0,New,0.13636363636363635,0.45454545454545453
32,0,Side of a Bullet is fucking great.,0.8,0.75
35,0,r/fuckyouididthemath,0.0,0.0
36,0,Even about that round of golf?,-0.2,0.4
38,0,I only watched the first 20 mins bc I fell asleep but in that time he already had drank a Coke Zero and had opened a diet Mountain Dew,0.125,0.6666666666666666
39,0,Lube up and take it?,0.0,0.0
43,0,Roger is such a good owner,0.35,0.55
45,1,Ho ho ho... But Melania said that there is no way it could have happened because she didn't know the woman!,0.0,0.0
47,0,How I'm considered an asshole because I let people know that most of the shit they do or have is because of a trend that'll die out in a month.,0.15,0.65
50,0,2 CC3 + 2 CC2s for Loopers.,0.0,0.0
51,0,Aftermarket mods tho,0.0,0.0
55,0,I believe you can buy just the Happy Meal toys for $1.99 each,0.8,1.0
56,0,Found the Steins Gate fan.,0.0,0.0
58,0,Why would anyone ever think she talks shit about young people in private?,-0.03333333333333333,0.525
59,0,John Lott is a hack an the only people who give him credence are those that want to keep any safety regulations away from guns.,0.0,1.0
60,0,I believe ForeVs playing offlane,0.0,0.0
62,0,That fan is backwards.,0.0,0.0
63,0,Should have been a lunatic you get to build a pyramid for your cat.,0.0,0.0
66,1,I can't wait until @potus starts a twitter war against Morning Joe.,0.0,0.0
67,0,That jawline tho,0.0,0.0
68,0,Oh come on,0.0,0.0
69,1,gotta love the teachers who give exams on the day after halloween,0.5,0.6
71,0,The hell is that face in the middle left,0.0,0.0
80,0,About tree fiddy,0.0,0.0
82,0,BMW drivers,0.0,0.0
83,0,Imagine doing that shit in a forest or park at night Fuck,-0.30000000000000004,0.7
87,0,Eww the Mac in the background,0.0,0.0
88,0,Quick someone photoshop Scooby as a puppy.,0.3333333333333333,0.5
89,0,You can turn that shit off.,-0.2,0.8
92,0,Lime Neptunes + add for gt?,0.0,0.0
93,0,They are automatically taken away and they give you a low amount of salvage,0.0,0.3
96,0,I honestly wouldn't mind that,0.6,0.9
97,0,as much as i hate the liberals i have to give them credit for intervening here,-0.8,0.9
98,0,That'd be hilarious to just blow up some party spots with a book on tape or some 1940s big band music.,0.25,0.55
100,0,I couldn't even breathe for a few seconds after reading this because I was laughing so hard.,-0.24583333333333335,0.3208333333333333
104,0,If you don't have 3 you're doing something wrong.,-0.5,0.9
106,0,lets hope this 'Swindle' is a perpetual check and not a surprise mating ,0.0,0.0
107,0,Female Jim Jones...on target !,0.0,0.16666666666666666
108,0,We didn't say they were sober fans.,0.1,0.2
113,0,Grab a coat for these patriots!,0.0,0.0
118,0,L,0.0,0.0
119,0,Bots don't send their best people.,1.0,0.3
121,0,Mr Garrison is the next President.,0.0,0.0
124,0,Making arrows worse sure,0.04999999999999999,0.7444444444444445
125,0,Like 250 --300 at most,0.5,0.5
126,0,You don't get the life insurance payout either.,0.0,0.0
127,0,What is up with Joe's reaction to andy Ogle getting KO'd by Amir?,0.0,0.0
132,0,I figure the alt-Right would have a field day.,0.0,0.0
136,0,Isn't it kinda obvious the way we immediately traded down after the Rams traded up for Goff?,-0.07777777777777779,0.3944444444444445
140,0,My comment very similar to this went down a fucking storm when this first happened.,-0.12638888888888888,0.4855555555555556
141,0,Sounds like you're making assumptions that cannot be proven.,0.0,0.0
144,0,Lucio time travelled to when he had short hair Duh,-0.15,0.44999999999999996
145,0,Which silencer?,0.0,0.0
151,0,r/tf2shitposterclub,0.0,0.0
152,0,I would love if they all spoke in turn and switched their LEDs from blue to red and back again.,0.125,0.175
154,0,t_d shitposter please go,0.0,0.0
155,0,JUST LET ME INTO YOUR MIND AFTON,0.0,0.0
158,0,i can't believe they'd do it.,0.0,0.0
161,0,So was Metal Gear.,0.0,0.0
164,0,Hard to convey sarcasm over the Internet,-0.2916666666666667,0.5416666666666666
167,0,You say that but I could see a very hefty guerrilla warfare campaign that would make invading Alaska very expensive for any other state to try and wage.,-0.19166666666666665,0.5283333333333333
169,1,Hank would have a great time in the Legends of Tomorrow.,0.8,0.75
170,0,I reccomend buying physical games If you plan on sharing them between your kids,0.0,0.14285714285714285
177,0,Clinton?,0.0,0.0
178,0,(pls don't kill me),0.0,0.0
182,0,Theocracies are scary as hell.,-0.5,1.0
184,0,That would be my guess since he funds these types of campaigns in the first place.,0.25,0.3333333333333333
187,0,I keep saying we need to better our inner-city schools.,0.5,0.5
191,0,ty papa bless,0.0,0.0
193,1,I remember reading all of those stories in the news about riot police marching into the Volvo head offices with truncheons and beating the designers until they invented the seatbelt.,0.0,0.0
195,0,**KEK GUIDES US**,0.0,0.0
196,0,talk about my penis,0.0,0.0
198,0,Love and support.,0.5,0.6
200,0,But Flacco is elite...,0.0,0.0
201,0,Because not **all**.,0.0,0.0
202,0,Central Perks - you'll make new friends there,0.06818181818181818,0.3522727272727273
205,0,blocked for being a moron,-0.8,1.0
209,0,Are you proud or something?,0.8,1.0
212,0,Sympathy: I have none.,0.0,0.0
213,0,Anyone know what part of the VOD this would be from?,0.0,0.0
217,0,Will this have any effect on valuation of Rupee against Dollar?,0.0,0.0
224,0,Or is this just fantasy,0.0,0.0
225,0,*their,0.0,0.0
226,0,And they're not even pronounced the same way.... well not by lazy Brits anyway.,-0.125,0.5625
227,0,PLEASE tell him to stop ignoring my responses to his emails.,0.0,0.0
229,0,may i ask how you got a bunch of dead tracers?,-0.2,0.4
230,1,Dude have you not heard of the Lions legend Armbrisster?,0.0,0.0
232,0,TIL,0.0,0.0
235,0,The best wall-music experience I have ever had was going to see Roger Water's The Wall.,1.0,0.3
236,0,I wish for a 13 inch pianist,0.0,0.0
240,0,damn bro injuries sux,0.0,0.0
243,0,Those tennis grunts were quite cringey.,0.0,0.0
244,0,Too bad you didn't fight harder for all the folks who voted for you in 2010.,-0.3999999999999999,0.3333333333333333
248,0,Yes we want more American born Russian hackers and brides.,0.16666666666666666,0.16666666666666666
250,0,My favorite part is the veil at the burial.,0.5,1.0
251,0,Whilst knowing that what they were doing was illegal.,-0.5,0.5
252,0,Probably about 120 miles,0.0,0.0
255,1,I mean if you guys still don't understand what you did to him then I don't think you'll ever get it.,-0.3125,0.6875
260,0,SJWs can't get paying jobs... That's why they want $15 an hour at McDonalds...,0.0,0.0
261,0,lol @ whoever replied to me that this would get 0 reaction earlier,0.4,0.6
262,0,Yes,0.0,0.0
265,0,Came here to say this.,0.0,0.0
266,0,I blame you for not being in the thread.,0.0,0.0
267,0,Have you ever heard of a Donkey Show?,0.0,0.0
271,0,Why would I want to downgrade?,0.0,0.0
275,0,On your computer.,0.0,0.0
276,0,The sense of humour is basically the same... That's what gets me,0.0,0.125
277,0,There's probably some kind of national archive that you could use.,0.6,0.9
280,0,Its on one of the highlights because we threw a TD that play.,0.0,0.0
281,0,they probably are i just always forget to use them.,0.0,0.0
284,0,What happened at the show?,0.0,0.0
286,0,You can put your weed in there,0.0,0.0
289,0,The Apprentice,0.0,0.0
290,0,You must deliver on this!,0.0,0.0
291,0,I liked it for the first half,0.22777777777777777,0.43333333333333335
295,0,A Horny Harambe.,0.0,0.0
296,0,One of the older NITs.,0.16666666666666666,0.3333333333333333
298,0,Idiots all around are judging your partriotism based on which movie you picked to watch this friday.Shit is getting crazier.,-0.8,0.8
299,0,i dont even know what this is.,0.0,0.0
303,0,Rekt,0.0,0.0
307,0,that editing gave me cancer,0.0,0.0
313,0,And we would argue about which kind of barbecue to give you.,0.6,0.9
318,0,Fear shit we dont know about booooo,-0.2,0.8
322,0,But I wanted to upgrade to a 4k TV with my $500 tax refund Trump was going to give me to distract me from him shoveling our nation's resources into corporate America's pockets :(,-0.375,0.5
323,0,Same,0.0,0.125
324,0,There isn't one.,0.0,0.0
325,0,Username checks out,0.0,0.0
326,0,Stop turning up so much smh,0.2,0.2
328,0,I've been a horny virgin teen before and never did I wish to be locked in a cupboard of IKEA with them overnight... so not so much bud,0.1,0.1
344,0,Update your profile and prl.,0.0,0.0
345,0,Goodbye.,0.0,0.0
348,0,Cause he wouldn't share with the kids in the Xfinity Series?,0.0,0.0
349,0,I want to know how overwatch beats csgo in best esports game,0.3,0.35
351,0,This is why mom left,0.0,0.0
353,0,Is no one else slightly terrified that Trump can tweet and cause stocks to drop at will?,-0.16666666666666666,0.16666666666666666
354,0,top quality shitpost,0.5,0.5
355,0,As long as he keep getting top ten recruits every year i don't see him getting let go.,0.15,0.3
364,0,Not sure who that is anymore.,-0.25,0.8888888888888888
369,0,Finland,0.0,0.0
373,0,The deplorables are revolting!,0.0,0.0
374,0,Yup!,0.0,0.0
375,0,Pussy,0.0,0.0
377,0,She accidentally deleted his email,0.0,0.0
379,0,You can get a dirt rally steam cd key for $15 I bought my copy at $19,0.0,1.0
380,0,Also store chicken tastes like shit,-0.4,0.875
381,0,This is why we can fire people.,0.0,0.0
382,0,Casual is great and the rebalances were amazing.,0.3,0.8388888888888889
384,0,You are free to agree with him,0.4,0.8
386,0,r/the_donald is leaking,0.0,0.0
387,0,E,0.0,0.0
388,0,When bourgeois scum,-0.3,0.4
393,0,He's really riding that pussy.,0.2,0.2
394,0,No,0.0,0.0
396,0,Instead of a rover for the poles we should send solar powered drones =D,1.0,1.0
397,0,The best advices always come from the best usernames.,1.0,0.3
398,0,I hope this is satire,0.0,0.0
399,0,I haven't lived in Mass since he got the job.,0.0,0.0
400,0,/\,0.0,0.0
401,0,I like when the juice just dribbles down your chin and you gotta scoop it up with your finger and lick it all off.,-0.15555555555555559,0.2888888888888889
402,0,Or both,0.0,0.0
406,0,McCree,0.0,0.0
408,0,I feel like Trump doesn't even realize why this is wrong....,-0.5,0.9
409,0,We have everything to lose by letting those in power keep doing what they're doing.,0.0,0.0
412,0,Are they actually any different then regular hanes?,0.0,0.25897435897435894
415,0,I'm going to be annoyed if players next year will be able to get Plague Doctor Izzy at a reduced price if it is in a chest.,0.033333333333333326,0.47500000000000003
419,0,I like kyle,0.0,0.0
429,0,You are not perfect...,-0.5,1.0
430,0,probably lol,0.8,0.7
431,0,Such a shitty meme.,0.0,0.5
432,0,Obligatory Satou,0.0,0.0
434,0,Wear it with your concealed carry,0.0,0.0
436,0,How are they not material design?,0.0,0.0
442,0,Wat,0.0,0.0
444,0,He has the shot to make it work,0.0,0.0
448,0,Are those two things mutually exclusive... lol?,0.8,0.7
449,0,Anything is better.,0.5,0.5
452,0,Turnip Power?,0.0,0.0
455,0,She willingly did that to herself.,0.25,0.75
456,0,m'edic.,0.0,0.0
461,0,asking twitchchat about legal actions is like asking hitler how to handle the refugee crisis in Europe,0.2,0.2
462,0,He was clearly intimidated by the cars and was merely standing his ground.,-0.19999999999999998,0.44166666666666665
464,0,HOT SAUCE,0.25,0.8500000000000001
465,0,&lt,0.0,0.0
466,0,Millions$$$$$,0.0,0.0
467,0,That weird screech cry will always make me laugh,-0.1,0.55
468,0,I'm sure the person who made it like that did some sort of coding that automates the process using the schedule + logo images.,0.5,0.8888888888888888
469,0,Does Gaspen in 6-1 count?,0.0,0.0
471,0,Violence.,0.0,0.0
472,0,That's like having an inquiry into murdered and maimed black boys and not looking at the 'hood.,-0.16666666666666666,0.43333333333333335
481,0,I'm glad you left too!,0.25,0.5
482,0,Why did you not provide any proof or comparison?,0.0,0.0
483,0,Indiana Jones and the crystal skull,0.0,0.0
486,0,dude still probably hasn't recovered,0.0,0.0
488,0,Spotted the Canadian,0.0,0.0
489,0,It's just coughing and weird faces.,-0.5,1.0
490,0,You look like the love child of Zachary Morris and that trailer park girl he didn't want anyone to find out about,0.5,0.6
499,0,Hard drive requirements tend to include extra space for the file unpacking.,-0.14583333333333334,0.3208333333333333
501,0,Then don't downgrade if you want to play with everyone else?,0.0,0.0
503,0,sure you can remove the hdd and get a bigger ssd.,0.25,0.6944444444444444
504,0,only good thing about consoles is their controllers i really like playing with a xbox controller on pc but thats partly because my desk is shit so when i play with keyboard/mouse i sit so close to the monitor it makes my eyes hurt after a while lol.,0.3,0.6599999999999999
505,0,It's like people forget he's been in the league 13 years,0.0,0.0
508,1,yea cause Kobbe was so much better,0.5,0.5
509,0,what's the secret?,-0.4,0.7
510,0,You just said it was due to anxiety?,-0.125,0.375
512,0,But her niece isn't running yet,0.0,0.0
514,0,Kek,0.0,0.0
516,0,And then looked at... WHATEVER YOU CALL THAT!,0.0,0.0
519,0,The seasons before they did this were absolute worst seasons they ever made,-0.4,0.95
521,0,also because*,0.0,0.0
522,0,Out of curiosity what does it do?,0.0,0.0
524,0,Where do you live lmao,0.36818181818181817,0.75
526,1,I might have dropped this:,0.0,0.0
528,0,fuck this is a good deal,0.14999999999999997,0.6000000000000001
530,0,Twitter yesterday.,0.0,0.0
531,0,In 2012 I was shitting my pants at this point as the polls were really tight.,-0.17857142857142858,0.2857142857142857
535,0,More whistle!,0.625,0.5
536,0,I read it on facebook it must be true!,0.4375,0.65
537,0,He's gonna build a wall and make the dogs pay for it,0.0,0.0
541,0,Chron pretty much scrapes Reddit like Buzzfeed and all those clickbait sites do.,0.225,0.6
544,0,The answer to your second question is 100% - (the answer to your first question).,0.125,0.16666666666666666
548,0,Putin just needs to donate to the Clinton Foundation,0.0,0.0
549,0,Grew up in the center...can confirm it is like Alabama.,0.0,0.0
552,0,I upvoted it 3 times cause its posted 3 times,0.0,0.0
555,0,Didn't end too well for him.,0.0,0.0
556,1,I'm just going to subsist on G Fuel all weekend.,0.0,0.0
557,0,I'm sensing some bitterness for being a fan of a team that's been a basement-dweller for the past 2 decades,-0.25,0.25
562,0,Well when calexit happens you will be welcomed as a refugee as someone who yearns to shoot a (real) AR-15 freely.,0.30000000000000004,0.55
563,0,Gotta support the reasonably priced local brews that don't taste like piss,0.1,0.3
564,0,They were BFF not literal brothers.,0.0,0.0
565,0,If gamboa works out I doubt he'll be back.,0.0,0.0
567,0,For the west lul,0.0,0.0
569,0,Never underestimate the enemy - no matter how stupid they are,-0.7999999999999999,1.0
572,0,Well that's a good thing I guess!,0.875,0.6000000000000001
573,0,They've got nothing on Turk and JD from Scrubs.,0.0,0.0
575,1,Vayne,0.0,0.0
577,0,Stood up on a stage in a club in Shanghai and was dancing with a friend until the place closed and it was just a bunch of old Chinese people staring at us who eventually kicked us out.,0.0,0.10000000000000002
578,0,So this is literally that episode of South Park where Cartman gets put through the tunnel?,0.0,0.0
579,0,something you afraid might leak about you Marco?,-0.6,0.9
580,0,seriously...seems like it would be done pretty quickly by the family of one of his victims.,0.29166666666666663,0.75
581,0,Depends on how many people I piss off online any given day.,0.5,0.5
582,0,Cough cough cough,0.0,0.0
583,0,How would Trump make money from drilling 8n the arctic?,0.0,0.0
584,0,Well it's damn good when I use it,0.7,0.6000000000000001
586,0,Yeah bring back the dank cheese full crit Vamana with goldenbow strats,0.175,0.275
588,0,Programming level 99,0.0,0.0
589,0,Must be so hard to have a losing season,-0.2916666666666667,0.5416666666666666
593,0,Because name something less important to bitch over.,0.11666666666666668,0.5333333333333333
596,0,That's exactly what I meant.,0.25,0.25
597,0,Thanks for the support man :),0.35,0.6
602,0,None,0.0,0.0
604,0,*The paranoid survive*,0.0,0.0
605,0,Try laning against Caitlyn/MF/Jhin/Jinx.,0.0,0.0
606,0,Yeah sorry about that.,-0.5,1.0
610,0,Tf does that have to do with popping dolphins and bagels,0.0,0.0
612,0,how expensive?,-0.5,0.7
615,0,They also have to worry about some higher up breaking their balls about unduly allowing a plane to be destroyed without trying to save it,0.25,0.5
616,0,300% ld,0.0,0.0
620,0,I think you have to use a grapefruit,0.0,0.0
622,0,Don't leave me hanging man,0.0,0.0
623,0,rubbish and off the point,0.0,0.0
626,1,Hillary Clinton is a saint,0.0,0.0
627,1,Fuck anyone from NJ,-0.4,0.6
630,0,You've just been nominated for Trump's AG,0.0,0.0
637,1,Gotta save our children from the dangers of text on a screen in a rhythm game,-0.4,0.4
641,0,Well........ that didn't take long.... I haven't seen millions clock over that fast since the good old days of 2013 when LTI-on-everything was ending on all OB/VB purchases.,0.2375,0.45
645,0,If there was a court order for the wiretap then its admissible but if not then yes its the fruit of a poisoned tree.,0.0,0.0
650,0,I am sure shipping and handling will be over 50,0.5,0.8888888888888888
651,0,Why is this a female only thing?,0.0,0.5833333333333334
654,0,Not for bespoke.,0.0,0.0
657,0,Maybe Fox *really* doesn't like coaching in the city of Chicago?,0.2,0.2
660,0,Obama's face is the best thing about this picture,1.0,0.3
663,0,Drink,0.0,0.0
664,0,Sam Wang?,0.0,0.0
667,0,Ah yes because so many of us remember the 60s,0.5,0.5
668,0,Sturt?,0.0,0.0
670,0,It was never approved because it wasn't material designed,0.0,0.0
673,0,Back in the 80's and very early 90's that wasn't bad.,-0.18999999999999995,0.3522222222222222
677,0,he is trying to tell you that he can't afford it so white people should give them up to the deprived black college students.,-0.08333333333333333,0.21666666666666667
679,0,It's possible to get below -99?,0.0,1.0
680,0,it was.,0.0,0.0
682,0,I heard that there was a firmware update that got rid of that issue.,0.0,0.0
683,0,Good Rexy.,0.7,0.6000000000000001
687,0,We can't read anything on your blurry photo,0.0,0.0
689,0,Only about 60% of states have this law though,0.0,1.0
691,0,Be honest with yourself get control of your emotions plan in concrete and keep your intention clear,0.2833333333333333,0.5277777777777778
695,1,Im more curious of how the coffee is burnt,0.2,0.75
699,0,Looks like 2 Americans to me.,0.0,0.0
703,0,such an insufferable twat.,0.0,0.5
705,0,Good.,0.7,0.6000000000000001
706,0,wat,0.0,0.0
710,0,Sandstorm,0.0,0.0
711,0,It's in South Korea though,0.0,0.0
715,0,Or be like most Kallari players and do nothing but wait around till someone is low health and take all the credit for the kill.,0.25,0.4
717,0,Hopefully I will never reach that level.,0.0,0.0
718,0,I'll admit it's an irrational fear.,0.0,0.0
720,0,Protecting Drouin after a nasty looking hit.,-1.0,1.0
725,0,Well hopefully Lemieux and tkachuk go at it for years to come.,0.0,0.0
728,0,How am I supposed to fap then?,0.0,0.0
729,1,It just never stops being funny guys.,0.25,1.0
732,0,He also didn't mention that the 430 has STB levels of trash gun handling so chai sniping is hard,-0.2916666666666667,0.5416666666666666
733,0,He can draw it up so all you have to do is date it and mail it,0.0,0.0
734,0,Ohhhhh Yeeeeeeeeeeeeeeeeeeeeeeessssssss,0.0,0.0
737,0,fucking thank you,-0.6,0.8
738,0,cocaine,0.0,0.0
741,0,...that probably can be revealed by paternity testing.,0.0,0.0
744,1,Because society tells them to our they're not cool.,-0.175,0.65
745,0,Is that Android Studio?,0.0,0.0
746,0,Think the arc is considered to be infinite vertices.,0.0,0.0
751,0,DUTCHY SCORES AT HOME!,0.0,0.0
754,0,Ama is weak early but is a teamfight monster shlong is good early with his basic attack damage and have some utility latevgame with his ult,0.10499999999999998,0.39
755,0,It's a survey of people who've already voted.,0.0,0.0
756,1,Damn Karma whores,0.0,0.0
759,1,Teams should just perpetually keep us on the power play that way they shut us out every time!,-0.0625,0.2
761,0,Yea,0.0,0.0
765,0,DON'T YOU WANT ME PEPE,0.0,0.0
767,0,Scared to come out maybe?,0.0,0.0
769,0,I for one welcome our Hate Toad overlords!,-0.09999999999999998,0.9
771,0,Must be a freshman.,0.0,0.0
772,1,great offer!,1.0,0.75
777,0,Snuck up.... on Princess's star pupil... She just walked up behind her with a big axe and bashed her brains in.,-0.2,0.39999999999999997
778,0,I find it extremely hard to believe Republicans will end up backing marijuana before the Democrats.,-0.2916666666666667,0.5416666666666666
781,0,Would ya look at that spiky boy,0.0,0.0
788,0,NFL already came out and said this incident will not affect his playing status.,0.0,0.0
789,0,There not going to say anything about skins in patch notes but I imagine its going to be added,0.0,0.0
792,0,Glenn,0.0,0.0
793,0,We have the hit TV show Empire.,0.0,0.0
794,0,Fake news joke,-0.5,1.0
797,0,And they're always thankful even though I probably gave them worthless shit,-0.5,0.8500000000000001
799,0,well that was what i was going for so mission accomplished,0.2,0.5
808,0,Why do you think Zezima is a girl?,0.0,0.0
809,0,**HATE**,-0.8,0.9
813,0,I'm too high for this shit,-0.020000000000000004,0.6699999999999999
814,1,We all know Hanzo is super original and clearly the first Japanese bow character ever,0.21166666666666661,0.42666666666666664
818,1,If only this could have been prevented :(,-0.375,1.0
819,0,Inb4 'dont' and 'never' are TOP comments.,0.5,0.5
823,0,Ahh the offseason.. where people try to make the next meme.,0.0,0.0
825,0,No,0.0,0.0
834,0,Aww.,0.0,0.0
837,0,Stack them and they take up ~3sqft...That's not a lot of space.,0.0,0.0
842,0,Nope haha i was the one taking those uninspiringly crappy pictures,0.2,0.3
844,0,Looks like he just saw the three Christmas Spirits,0.0,0.0
845,1,Fuck YOU,-0.4,0.6
846,0,*,0.0,0.0
847,0,Refuse to accept a million dollars.,0.0,0.0
849,0,Or reheat it in the oven.,0.0,0.0
851,1,Said the under 2k post karma guy *expert*,0.0,0.0
852,0,It could blow up my pc fam to important,0.4,1.0
854,0,Bingo.,0.0,0.0
860,0,This comment makes me so hungry,0.0,0.0
864,0,Depends on where you are at.,0.0,0.0
866,0,I agree it makes the most persistent coffee rings on anything it touches.,0.5,0.5
868,0,gold for you,0.0,0.0
869,0,Who buys black play-doh?,-0.16666666666666666,0.43333333333333335
873,1,That's just the Wi-Fi making you say those things,0.0,0.0
874,0,Jimmie looks like the current favorite IMO,0.25,0.7
876,0,This subreddit is silly.,-0.5,0.875
879,0,Exactly what I thought.,0.25,0.25
880,0,w00p w00p,0.0,0.0
883,0,So he is just polarizing everything?,0.0,0.0
884,0,How about just teach Nate to check kicks?,0.0,0.0
885,0,And about 100 times more expensive,0.0,0.6
888,0,Is Nvidia falling to AMD level bad drivers or something?,-0.6999999999999998,0.6666666666666666
889,0,Because of potential belt contamination if I missclicked.,0.0,1.0
891,0,I cannot afford BF1 because of that plaid-covered monster.,0.0,0.0
892,0,hmm.....dumpster donalds entire campaign was a play book on white identity politics,0.0,0.3125
898,0,You work for the Legion?,0.0,0.0
903,0,I knew I'd get a kick out of posting this here,0.0,0.0
906,0,Venting all the way *vent vent vent*,0.0,0.0
907,0,PSN is Csmal1992,0.0,0.0
910,0,I've had luck just using spray cans of clear coat.,0.10000000000000002,0.3833333333333333
913,0,What a true feat of ~~German~~ human engineering,0.11666666666666665,0.25
914,0,Happy littles trees.,0.8,1.0
918,0,And it's printed as such that it works the way it does,0.0,0.5
919,0,But it's known that this is not the case since its never been in previous CoDs.,-0.16666666666666666,0.16666666666666666
924,0,protest just got 10 days longer,0.0,0.0
925,0,How is he streaming non gaming content so often yet is still around?,0.0,0.0
928,0,Fight or fuck?,-0.4,0.6
932,0,*fetuses,0.0,0.0
933,0,Magnetic Bullets... you can clearly see them go back up into the gun ,0.05000000000000001,0.19166666666666665
934,0,Shhhhhhhhhhhit,0.0,0.0
935,0,I quit at the farm,0.0,0.0
943,0,The joke just soared over your head,0.0,0.0
945,0,Fuck man I can't figure out how to get those sweet fumes :(,-0.26666666666666666,0.75
947,0,just in time for trump to take it all away!,0.0,0.0
956,0,PSA: Use ublock origin.,0.0,0.0
960,0,Tiny hands can't hit the keys on his phone,0.0,0.5
961,0,Is the Fallout sub literally just a FNV dick sucking sub now?,0.0,0.0
962,0,Isn't it Cyka bylat?,0.0,0.0
963,0,Same issue here... my ISP is AT&amp,0.0,0.125
967,0,Oh my god I love doing this.,0.5,0.6
968,0,Hot,0.25,0.8500000000000001
970,0,The key is to not go down Harrow if you know how horrible it is.,-0.38518518518518524,0.762962962962963
974,0,Vince misses tf out of this guy,0.0,0.0
976,0,Yes but that has nothing to do with the fact BLM is a terrorist organization.,0.0,0.0
978,0,'memba thatfuckinguyoverthere?,0.0,0.0
985,1,You're probably not druid master race.,0.0,0.0
986,0,28 people to learn that places like Canada don't just let anyone in,0.0,0.0
989,0,Lol someone can't aim with a crossy,0.8,0.7
991,0,She shoulda had lemonade on her crotch,0.0,0.0
992,0,ctf is fucking awful,-1.0,1.0
996,0,Imagine showing that to someone a little over a year ago.,-0.1875,0.5
1000,0,But... but... from out of the sewers comes... Elo.,0.0,0.0
1002,0,He likes the way he dribbles,0.0,0.0
1003,0,May mays,0.0,0.0
1004,0,Getting your physically-handicapped friend/relative a hooker.,0.0,0.0
1006,0,That's not a reason.,0.0,0.0
1008,0,Nuclear weapons are cool tho.,0.35,0.65
